{"accuracy": [0.5949498414993286, 0.855779230594635, 0.9106764197349548, 0.9387865662574768, 0.9558717012405396], "loss": [1.378566026687622, 0.4582279622554779, 0.2733457088470459, 0.18826274573802948, 0.1363222301006317], "val_accuracy": [0.8046892881393433, 0.8921579718589783, 0.9171978235244751, 0.9339858889579773, 0.9404734969139099], "val_loss": [0.6254100799560547, 0.3297795355319977, 0.24957285821437836, 0.20251815021038055, 0.19286631047725677]}